{
  "transactions": [
    {
      "id": "1",
      "fromAccount": 123456789,
      "toAccount": 192837465,
      "amount": {
        "currency": "€",
        "value": 876.88
      },
      "sentAt": "2012-04-23T18:25:43.511Z"
    },
    {
      "id": "2",
      "fromAccount": 123456789,
      "toAccount": 192837465,
      "amount": {
        "currency": "€",
        "value": 876.88
      },
      "sentAt": "2012-04-23T18:25:43.511Z"
    },
    {
      "id": "3",
      "fromAccount": 123456789,
      "toAccount": 192837465,
      "amount": {
        "currency": "€",
        "value": 654.88
      },
      "sentAt": "2012-04-21T18:25:43.511Z"
    },
    {
      "id": "4",
      "fromAccount": 987654321,
      "toAccount": 543219749,
      "amount": {
        "currency": "$",
        "value": 543
      },
      "sentAt": "2012-04-23T18:25:43.511Z"
    },
    {
      "id": "5",
      "fromAccount": 987654321,
      "toAccount": 543219749,
      "amount": {
        "currency": "$",
        "value": 987.54
      },
      "sentAt": "2012-04-23T18:25:43.511Z"
    },
    {
      "fromAccount": 123456789,
      "toAccount": 192837465,
      "amount": {
        "currency": "$",
        "value": 123
      },
      "sentAt": "2020-02-10T07:42:45.926Z",
      "id": "RmYw3Qt"
    },
    {
      "fromAccount": 987654321,
      "toAccount": 192837465,
      "amount": {
        "currency": "$",
        "value": 500
      },
      "sentAt": "2020-02-10T07:43:16.362Z",
      "id": "Dm_RW7r"
    },
    {
      "fromAccount": 987654321,
      "toAccount": 543219749,
      "amount": {
        "currency": "$",
        "value": 1000
      },
      "sentAt": "2020-02-10T07:44:27.035Z",
      "id": "-_V4U5R"
    }
  ],
  "balance": [
    {
      "account": 123456789,
      "balance": {
        "currency": "€",
        "value": 765095.54
      },
      "owner": 7612333392,
      "createdAt": "2012-04-23T18:25:43.511Z"
    },
    {
      "account": 987654321,
      "balance": {
        "currency": "$",
        "value": 524323.54
      },
      "owner": 7612333392,
      "createdAt": "2012-04-23T18:25:43.511Z"
    }
  ]
}